torch_version,compiled,backend,avg_warmup_inference_time,avg_hot_inference_time,peak_memory_warmup_mb,peak_memory_hot_mb,model_size_mb
2.4.1,False,N/A,0.020015311241149903,0.019419667455885144,226.875,238.5,0.010166168212890625
2.4.1 (compiled),True,,0.023392510414123536,0.019697814517551,296.546875,300.46875,0.010166168212890625
"2.4.1 (compiled, inductor backend)",True,inductor,0.020831537246704102,0.019542148378160266,329.75,329.78125,0.010166168212890625
